0,3000,1348,4034,13582,23430,36261,50286,66399,80418,95488,110408,122642,136661,147306,155208,163290,173286,181816,190340,200342,208573,218868,227397,236966,242188,251458,258918,261857,264839,274142,282652,291032,301178,308806,315062,324039,333588,341490,344352,353454,357441,365404,372883,382880,389166,398864,407990,416962,423315,https://duckduckgo.com_jap
0,3113,1050,5084,14215,24330,33432,46054,58796,70761,82811,95046,107519,120618,135210,148310,155426,166333,178946,187456,196433,206548,217048,225572,235156,241114,251975,251469,261169,259525,261790,271638,279720,287622,293937,301383,305673,315421,324080,332788,342606,350688,360773,369214,377738,384905,392230,393114,402722,411640,https://duckduckgo.com_jap
0,2583,3150,4476,14478,24474,35724,49957,62699,75650,86536,99874,109630,120009,130424,139998,149630,158335,165556,176000,185275,194385,202424,212002,221130,230704,238665,248180,258196,257522,266772,268930,279374,288679,297849,307474,310325,321328,330215,338834,344374,353340,360800,365156,371543,379017,387730,396051,406375,415263,https://duckduckgo.com_jap
0,3090,2712,8068,18512,29254,42145,55036,67927,79767,92658,105549,112636,122406,131640,141214,151658,158690,168195,177454,186790,197234,206808,216088,225871,234908,244302,252801,259858,258200,264002,271845,279986,287018,295728,305090,309468,319428,329002,339386,343339,347720,355098,363180,371500,378736,386852,397262,407288,416325,https://duckduckgo.com_jap
0,3013,2100,4034,14060,23430,33874,46197,59894,72666,84745,95608,109066,114671,124180,133734,142264,151075,156756,166334,175282,185063,193808,203382,212811,221908,231583,239175,247466,256746,258122,259525,270150,280504,283771,294036,302834,311004,317052,327068,335367,340510,350297,351852,361854,368886,377544,384870,393726,402077,https://duckduckgo.com_jap
0,3073,2661,4517,14274,24480,38266,52828,66256,76361,85942,95790,105364,112838,122183,131071,141366,150940,158414,168416,177691,187449,196516,206090,216474,225362,235102,242092,251666,261602,261958,263946,273583,282860,292434,302728,309910,316732,324127,333457,339623,345760,352742,357710,365253,374141,382849,388628,398952,407840,https://duckduckgo.com_jap
0,3090,2712,5526,15970,26712,39603,53270,66877,79076,90934,101392,110916,119953,129920,139494,148018,156528,163560,174004,183279,192998,202223,211678,222122,231696,239170,249172,250525,256480,260790,268633,277900,287577,296972,307416,310915,321922,332366,336796,345178,353198,360562,367499,375690,382409,390182,398811,408266,418710,https://duckduckgo.com_jap
0,3090,1240,7018,17462,28204,42587,55478,68369,81701,94576,106495,113998,123572,133956,142993,152366,160886,169148,179592,188867,198152,207811,217266,227710,237284,245270,254465,254608,260576,267000,276763,285800,295707,305102,311084,317494,326732,336497,340510,351396,359920,365774,371595,379786,387246,395984,405891,415346,419309,https://duckduckgo.com_jap
0,2961,2542,5889,15086,25380,36093,49402,61338,71782,83861,96066,109524,118146,127720,137716,146246,156262,162588,171804,181651,190330,200714,209064,218430,228128,236956,246141,254491,261577,254722,261389,269846,279050,283540,292939,302066,309968,316761,325973,335526,341109,345769,351800,360190,366397,376294,382520,392182,402025,https://duckduckgo.com_jap
0,3047,2542,6134,15861,25530,40450,53370,65873,77326,88473,99838,109625,115822,126266,135392,144041,154366,162651,172076,181416,190960,200479,209516,219532,228788,237616,245518,254554,262994,259416,266268,274588,284794,294248,303639,312894,316776,328926,337844,345958,347067,355978,362085,371296,380253,385036,394829,403478,413564,https://duckduckgo.com_jap
0,2184,3795,5526,17462,30890,46585,62878,77584,91429,102162,112357,123731,135180,145804,156262,167338,178284,189231,201048,211994,222941,234224,243162,254109,261464,262790,272027,282200,293266,303225,312691,320274,330813,340292,349258,355668,359550,363391,369522,377239,384967,390078,397187,401811,405583,409914,411676,423492,434439,https://duckduckgo.com_jap
0,3096,-29,2513,12957,23401,35217,48377,61536,74695,86805,99935,106281,115498,125523,134828,144952,154399,161431,171875,181449,191465,201467,210832,221007,230313,237377,247251,256617,266840,261405,271403,280709,290858,300369,309943,316353,322842,333017,338731,346663,353128,361169,366087,373561,383413,390177,400352,409658,419326,https://duckduckgo.com_jap
0,3113,2542,5526,15970,26264,39364,53270,64072,75679,86536,99964,110387,120682,130918,140492,150066,158355,167542,177717,186963,196208,206324,214078,224194,233440,241218,251662,251510,260945,260929,260074,270250,279824,289840,299842,306874,317109,326354,335857,345716,354992,365436,373273,377842,386246,393384,403828,413402,423418,https://duckduckgo.com_jap
0,3040,2064,5526,15015,24922,36917,49360,63296,73197,85640,99964,113511,122098,131916,141490,150476,158966,167227,177492,186767,195737,205592,214897,224356,233692,241166,249944,253832,259317,267840,272968,282416,291353,298919,308528,310834,320920,330374,338396,343936,348764,355278,363180,371262,378736,386566,395728,403182,405251,https://duckduckgo.com_jap
0,3150,2004,3974,13403,23430,36738,47660,60730,73978,85342,97297,106370,115728,125064,135209,143769,153164,161066,169267,179592,188748,197732,207692,216788,226218,235792,243938,254700,254608,254608,261346,268294,278380,287774,296334,306480,313273,322702,332038,341402,350743,360138,370223,378783,388238,394230,397573,407534,416630,https://duckduckgo.com_jap
0,3150,1885,3592,14036,23584,35938,51276,65122,77646,90570,99558,105917,115542,124996,134366,143642,152964,161118,169200,179047,187726,197742,206908,215826,226270,234769,243318,250336,257810,255102,260462,268484,277854,287070,296873,305715,309478,318942,327562,338006,341720,350039,355997,362348,367733,376052,382010,393741,404356,https://duckduckgo.com_jap
0,3150,2984,2542,12806,22087,35843,51091,64847,80096,91012,100298,108638,118431,126841,137166,146023,155264,162664,171074,181250,190257,199776,209350,217849,227876,237032,245262,253434,257785,262031,268195,277227,289726,301234,309738,317660,330218,341641,343052,352589,359920,368444,377640,381886,390396,398657,408922,414177,417603,https://duckduckgo.com_jap
0,3130,2351,7972,18237,29994,43243,56492,69741,80693,92120,100278,109024,116056,126500,136074,146090,156032,162885,173150,182545,192170,202205,211600,221813,231260,240834,251720,261294,266226,269198,277568,287651,298479,308409,316165,320887,330232,339627,348028,348563,358828,365741,375757,384709,393233,403677,413251,416249,423101,https://duckduckgo.com_jap
0,3150,2100,4034,14000,23579,36858,50196,62759,76813,88326,99943,111228,119996,129326,139328,148484,156804,164886,174880,184008,192986,203430,212496,221612,231088,238990,248449,256646,264816,262042,269314,278052,287840,297414,307110,313577,321677,331316,342948,349856,354494,361293,366205,374640,384934,393608,406166,416610,425557,https://duckduckgo.com_jap
0,3150,2984,-998,9446,19293,31706,44120,56533,69126,80310,92723,101834,112278,121076,130376,140378,149116,157495,165936,175313,184462,194036,203371,212562,222578,231565,238120,248504,249167,249296,259620,268180,277396,287660,296220,306366,311059,322602,334860,340934,350919,360541,367608,377743,388082,396592,406166,415655,421135,https://duckduckgo.com_jap
0,11608,40758,77675,107272,115202,115858,107694,126996,138002,159396,182422,209448,233559,259776,287160,314067,339206,366053,392661,419865,448119,472305,498913,526467,551949,578557,605224,632188,649363,658377,668887,693381,720227,745211,770483,797091,817818,843349,862690,888819,910642,927952,948426,968278,992136,1007278,1028654,1025188,1035119,https://yandex.ru_jap
0,24972,52088,78696,100276,113919,143064,170597,195230,206458,217840,206023,213277,217324,235010,257404,274873,302814,329422,354980,382239,410349,432082,458958,487421,514268,539622,566434,592420,619236,646829,672064,698851,726443,748738,748738,762980,771164,786876,799306,820625,841813,860242,881566,904016,931494,939328,959050,985151,1012966,https://yandex.ru_jap
0,25544,51793,77710,104029,129862,155714,182456,207631,234096,248580,266020,291871,318086,345564,354288,361510,352211,357220,372738,377884,398452,422852,444112,470362,490822,517250,544121,566062,591273,617106,643389,669700,694875,719835,744868,768492,795313,818544,844438,871138,893831,881345,897922,908656,934642,947994,971984,988065,1009768,https://yandex.ru_jap
0,25544,50660,77050,103015,128370,154356,179800,190060,213274,239260,261834,289217,293558,310670,296588,303376,328920,334574,345024,369216,395018,420589,446443,469261,494138,516652,542698,567814,593437,620109,645524,670664,697068,722184,744907,771579,797352,820368,828170,833430,838904,859364,882380,905740,929890,956046,981917,1005058,1018776,https://yandex.ru_jap
0,26349,52271,78760,105696,115416,138652,164931,188563,198701,224627,227673,240559,228671,230504,248487,265803,287054,309841,333350,359571,383637,410935,434739,460739,488217,514825,540806,567116,591219,615285,642375,668296,691084,718120,744578,767305,772789,796382,819762,844609,868169,892627,918549,933728,958315,982376,1004894,1026975,1048647,https://yandex.ru_jap
0,22560,43948,54436,77940,101721,128149,155652,159903,162094,154439,174372,180325,195247,219600,244261,269377,292914,317291,344173,364205,390602,416799,441176,467630,493174,513904,539677,565390,590738,615442,640558,667182,690610,694900,697206,712769,738780,760005,782101,803951,829795,855210,876979,895834,922143,944239,962890,982775,1005338,https://yandex.ru_jap
0,20084,34396,59412,86448,110514,127990,135034,137752,130948,134046,146618,162208,179518,204791,230934,257984,286084,310464,333623,357689,385167,407142,433750,461228,487836,513394,540444,567480,591546,618154,645632,669698,654332,674958,687626,707658,726018,750526,765294,789802,813688,835212,845832,872440,899490,923984,928522,946948,973998,https://yandex.ru_jap
0,25544,50779,77305,103254,128370,154611,180635,206080,232066,255690,275608,288868,314038,339154,366204,384217,397336,390569,387783,391842,407628,427660,446646,472568,498186,522680,547796,573909,594798,620422,646408,671941,697942,724118,749526,774792,800778,824127,850402,875946,898728,920152,903779,909222,918486,940010,960470,986028,1009716,https://yandex.ru_jap
0,27036,54598,81744,103457,116985,142956,169684,195242,212120,220538,221374,214158,222830,224944,245418,267991,295822,322520,350012,377644,405148,427114,454592,465104,484316,492794,514175,542007,569545,595523,621711,648677,677289,699683,726471,754502,779640,784943,807691,833508,860190,885479,904012,922908,948607,976717,998659,1013408,1040971,https://yandex.ru_jap
0,19283,34610,60890,86006,109450,122618,133578,129400,124446,139608,165700,158266,179492,205478,230594,253610,279154,304270,328006,349238,374901,400638,425903,451867,477304,500027,526162,551427,574742,597302,622567,648702,669928,680754,702124,727668,750242,774879,796702,815670,839128,864686,885146,904998,926826,950168,974032,995257,1014673,https://yandex.ru_jap
0,11119,40028,70549,96329,108424,119980,108320,118764,145516,139110,157470,180486,207094,229847,257146,282679,306898,326586,352538,379419,405132,431381,457726,481792,505275,532753,558107,581935,608398,634529,656495,665626,687089,712743,737038,760253,784259,804838,827418,854289,875166,894601,920373,935977,958551,982280,991749,1005874,1022962,https://yandex.ru_jap
0,5198,31004,57854,83854,109398,113410,122131,112750,114297,134458,137570,159522,182567,209359,235132,258378,282200,307316,333578,354826,380449,407240,432536,457652,482588,507704,533262,558985,582364,608858,633974,658807,665780,688711,714632,737356,763342,786358,808373,830729,854476,875852,897818,923362,941609,962196,984286,1001757,1023048,https://yandex.ru_jap
0,9716,38715,71738,97296,107905,128585,108795,100279,124318,147161,169113,189251,216796,236768,262971,289579,316187,341676,368715,395532,420727,448268,472334,498942,526420,546103,570911,597519,623077,645769,629172,644549,657966,679964,706781,727735,754552,781369,804778,822953,848696,875304,894315,914376,934009,959154,983429,1001366,1016808,https://yandex.ru_jap
0,25544,50660,76794,102537,121273,135160,161616,187219,216328,223394,240975,226766,227004,240094,258533,274785,300707,327021,353146,376464,402840,423439,449992,475496,500612,524926,550222,575780,596269,621952,648505,671408,696966,722510,745531,757791,750647,754820,769319,794704,820690,842154,867069,892898,915890,940492,958758,984999,1005218,https://yandex.ru_jap
0,23067,48690,69414,85332,115706,141480,164054,172715,189518,179451,182918,191775,214856,231181,256656,282642,306379,332266,357810,377842,404036,429660,455363,481538,506654,530098,555482,581105,605266,630382,655498,681484,704386,685317,696104,708658,734644,759760,781988,808165,833788,859436,877354,897146,922322,944288,968752,987191,1007851,https://yandex.ru_jap
0,20640,34344,63394,90002,114938,124369,133383,122939,134709,126969,151080,170445,192874,219005,246483,270549,296977,323696,345109,371418,398171,424430,450919,477527,502463,528533,554604,579123,605731,632339,657275,655522,671338,680467,700915,715805,737270,759664,785664,801496,826348,839625,856419,882490,909730,926121,926845,954204,980812,https://yandex.ru_jap
0,25116,51102,76218,101334,127320,152436,177731,203955,229310,253148,267622,284882,309253,335478,359186,370908,388826,380999,377667,390820,407870,424021,446690,473059,495871,521858,546974,569990,592992,618108,644094,669389,694743,718820,741394,767380,792496,815595,841414,866768,891108,910108,897352,906612,923922,949038,975024,998040,1023598,https://yandex.ru_jap
0,26190,52628,63004,90444,117480,141546,165994,171148,170003,166082,186030,177292,196868,214297,239736,266344,291280,317828,344018,367044,388151,415450,442058,468666,495274,522334,545982,572172,599412,623478,650086,677564,701271,686264,705187,717338,736061,757879,778985,797369,821017,840536,864644,877286,899884,926893,951643,965437,974646,https://yandex.ru_jap
0,27036,53644,80252,107670,133890,158054,185532,212020,222156,240385,252956,260277,277554,303774,331779,351631,357043,347423,341534,366256,370093,390498,415140,438847,464239,489616,515866,542474,565554,591774,618084,645562,672170,698778,723564,749784,776004,801564,829757,855977,880640,882330,908840,930364,952763,978983,1003432,1027926,1050279,https://yandex.ru_jap
0,25156,49884,75482,100270,124016,132076,154410,182122,205686,229906,239160,245535,239374,252035,246163,273050,290982,316526,341642,364787,389515,414562,439790,455285,480442,505170,530798,555914,578930,604474,629500,650050,675166,701152,726118,750846,773902,778941,802158,823955,846141,871739,892702,917638,932030,957633,983853,1004145,1028100,https://yandex.ru_jap
0,14149,32524,25671,53592,77658,102724,124284,149136,173894,195846,220335,243451,271222,293468,318082,332916,328661,345415,370203,394538,418191,435458,459876,483590,508830,530658,555241,580029,603282,624477,651120,676415,697557,716029,736429,760172,781864,805488,830428,855098,877672,903299,927282,949711,974350,998844,1021418,1045484,1069864,https://www.facebook.com_jap
0,7626,38330,26925,30186,44464,70450,95924,118975,145438,170734,194295,220547,244410,267078,290129,313430,338546,340739,365690,391746,417340,438660,465710,490826,515762,539863,565456,588996,608420,634406,659522,682790,708917,720900,740496,763940,789056,814410,834632,862566,887861,912618,937375,963292,988836,1006768,1032371,1057965,1082714,https://www.facebook.com_jap
0,10672,30486,19424,47384,76100,100380,123168,148164,172146,198336,226436,248830,273378,293631,319080,333446,345765,373032,398240,423057,441716,465757,491326,513541,538394,563510,587850,608502,633976,658742,681104,705884,720546,745664,772078,796598,822028,837711,863518,888037,911037,932837,957834,983163,1002945,1030336,1055838,1077695,1095643,https://www.facebook.com_jap
0,12777,32030,21245,47610,80881,105716,127459,151054,175548,196630,221124,244748,266700,287782,312126,335541,335520,362664,386079,410278,432640,453100,470590,498068,521692,544027,567268,591334,612402,635647,659404,683032,705488,727810,743587,767932,791729,817114,841608,862269,884587,908391,932318,953842,977894,1001518,1026012,1047511,1071796,https://www.facebook.com_jap
0,9560,37868,26001,34658,63833,88054,110065,134763,157983,181905,204931,228675,254675,280661,304285,329554,330311,352361,377869,401971,422251,421167,445232,469955,494007,516287,541075,562325,584979,609225,631654,656293,680787,703361,724472,741363,766811,789923,814536,839234,862038,885467,910183,934719,956397,981787,1005411,1030347,1053971,https://www.facebook.com_jap
0,12568,31032,28614,36872,61118,85647,110286,138828,164038,188438,210390,234968,257458,278659,305590,330417,329072,344914,369552,394524,418327,434574,459524,483884,509134,531290,555366,579826,604320,623755,648846,672529,697772,721362,736900,760524,783430,807592,831742,856903,876723,901286,924910,950860,975558,1000520,1023283,1046684,1071640,https://www.facebook.com_jap
0,16412,30472,22674,53801,80742,107350,130490,157402,184010,207180,234062,261231,285804,311786,333021,340766,361961,388403,414884,444619,471734,498134,516667,542290,569530,590612,617220,643981,668555,689878,716274,723340,746422,773572,800030,822721,848800,874791,886824,906493,914238,932096,957640,984188,1009490,1033154,1060270,1085893,1108794,https://www.facebook.com_jap
0,16919,29504,23672,49805,81136,106694,128770,153762,179306,203968,231084,254916,276624,301625,324116,340862,351275,370323,396130,420947,443346,468314,493161,512636,534364,560111,584242,607418,632325,656810,680407,705422,730110,736292,758866,783982,809341,831980,850460,874979,900070,923061,948630,973686,995585,1018176,1043830,1069816,1091440,https://www.facebook.com_jap
0,7644,21658,25779,34572,69037,100998,124974,149558,173182,197690,221175,245366,267318,287598,311402,335468,325124,350948,375442,399662,422698,437458,461952,485695,510816,531032,554661,578911,603764,622304,646827,671078,695831,720584,734404,758476,781233,804052,828950,853363,879220,903714,927427,950006,974256,998472,1021086,1044216,1068965,https://www.facebook.com_jap
0,7091,29540,27294,53264,79100,102993,126318,150598,175058,198203,222126,248112,269636,294130,318798,336359,340766,364748,390376,414895,431443,459350,483242,506955,530848,556088,580995,599578,623958,648746,672190,695814,716679,724141,746983,772522,797130,821262,841585,866970,892658,914575,939298,964722,986073,1013091,1037910,1062488,1083659,https://www.facebook.com_jap
0,9166,38036,70384,95597,119580,144074,165275,190425,214706,239260,257800,282711,306992,329362,338249,350012,368980,393474,415093,439901,464166,483253,511247,535527,558136,579432,604582,628386,649046,676338,699962,723406,736800,761738,785422,807374,829506,854000,877862,895829,921542,946036,967118,992149,1016429,1040794,1060204,1084396,1100079,https://www.facebook.com_jap
0,8510,31272,31712,37228,65576,99712,129659,154745,179050,201753,225676,251303,277220,297680,322348,342307,347894,369484,394903,419094,440437,463847,488128,513397,531162,556372,580772,598082,621706,648288,676800,706363,721016,741597,764136,788605,813304,836748,854238,879030,903848,926038,950916,975537,998133,1019950,1044091,1069118,1091049,https://www.facebook.com_jap
0,11052,28974,31859,41480,74360,99600,121726,146668,173276,198392,223477,244567,268763,290441,315831,340350,341684,353430,378845,404831,428604,445323,466847,491937,516457,541153,563525,588342,613135,633167,659153,683075,708335,730441,745549,770182,793775,814863,840699,864473,888539,913331,938149,960697,985217,1010349,1034827,1057191,1078911,https://www.facebook.com_jap
0,3426,31052,36278,34078,62426,91913,115266,139160,163560,188949,210628,236196,259188,282393,306256,331330,337044,346867,372734,396656,421474,441361,463500,487558,510001,533313,557027,584594,608696,629598,654505,678338,701782,718823,741224,765267,787128,811916,836917,858984,884164,908594,933705,955662,980463,1005272,1029069,1053832,1078858,https://www.facebook.com_jap
0,8689,30068,38307,41314,73241,99098,122159,147454,173500,196372,219858,243142,266158,289160,314276,340262,343909,370258,395553,421718,439054,465040,488305,511806,537223,562340,588326,602813,628978,654273,677150,703191,728486,730437,758450,783354,808470,834456,850896,876882,901998,925056,950796,976091,998222,1020642,1046200,1071744,1090852,https://www.facebook.com_jap
0,7018,28754,61571,92046,116098,139781,163166,186790,211275,233416,255368,277942,302436,323518,340663,354470,377224,399355,425784,449408,472852,490784,514836,538698,561904,585289,610022,633646,650747,674580,699074,720156,727730,750189,774320,796780,817927,842928,866672,885032,909008,933592,957216,979168,1003239,1027966,1044776,1067778,1091402,https://www.facebook.com_jap
0,8200,30383,29447,55389,91496,118930,145070,171082,195799,221134,247742,272250,296147,321860,343270,338418,362340,389222,415531,431714,457556,483866,508360,534669,557542,585020,610732,632555,659138,685746,708618,724912,748457,774766,797639,823923,834409,853223,862627,880043,905277,931587,956142,980006,1006614,1032382,1056666,1082677,1108832,https://www.facebook.com_jap
0,9614,27626,30521,43082,78890,107902,130088,155806,180922,204988,230974,253368,276992,301153,326279,332370,354764,379880,402971,427998,443816,465948,491934,514149,539748,564476,589234,607594,632710,658696,681270,707256,722204,741614,764083,789636,814364,834258,856224,882210,907326,929900,955617,980345,999970,1021936,1047593,1072321,1093512,https://www.facebook.com_jap
0,1426,31364,19593,44806,78615,111838,134472,159383,184082,204542,228166,250118,270758,297186,320660,324792,338662,360252,384746,408370,427780,443796,466913,493681,517305,540488,565596,590205,614633,633559,657546,680663,705420,721304,744914,768179,789624,812741,838220,860286,884273,907808,932302,954935,979370,1002994,1024967,1048092,1071933,https://www.facebook.com_jap
0,5311,35020,67009,99439,127882,149636,171966,194399,217100,240116,261626,285986,310818,332318,334831,356595,381540,405096,429257,454407,473498,496212,520314,544808,565890,591040,615320,637929,654583,679436,703060,725131,734967,757314,781868,802950,827741,852142,877676,893494,917602,942328,964101,988680,1012304,1037156,1055302,1080453,1102848,https://www.facebook.com_jap
0,19605,42660,71472,75402,93040,116736,143106,170404,196058,222308,247184,272837,298968,323904,332644,345293,359992,370330,371423,401272,428417,454190,481668,497570,523044,527974,558382,584343,600108,625044,651890,675718,697683,699010,726333,749504,762846,749124,765490,775956,801500,813805,828722,836809,862852,888803,914576,939512,965582,https://www.heise.de_jap
0,26100,51724,77710,92154,111455,137616,162124,163122,180114,211730,237233,256270,282679,305796,330374,355490,380934,406854,416784,425650,444562,450706,452806,454685,461187,489426,515412,527756,550212,574421,602820,628985,639705,665150,695333,712560,708872,738052,763168,769466,766265,770372,792324,809707,836070,848924,867641,894220,905461,https://www.heise.de_jap
0,24052,50540,77050,103254,120240,140669,167636,177421,188912,195798,221431,247950,272436,298658,324610,349118,375885,401687,425778,432920,434916,458539,480768,480830,480695,484760,514072,533054,552464,574220,604464,631082,643195,666698,692501,713910,703167,715926,735130,761198,781238,774417,783462,807348,818674,838238,864608,889424,897194,https://www.heise.de_jap
0,25663,52152,77962,104746,128116,149204,166979,192752,197603,207520,225780,245130,269256,294979,321408,347260,371460,397232,423626,444981,457042,467081,486497,492768,492338,505343,532702,553092,557307,574622,598808,621696,648144,673284,677452,692518,719494,744729,764701,794412,813096,820406,824272,833229,832946,855422,873204,898765,924120,https://www.heise.de_jap
0,25544,50660,76646,101762,126878,142447,161647,187654,198948,209734,220603,244878,271073,290324,322900,348016,372026,396576,422562,447678,459752,469949,485738,498144,500216,507928,538683,555907,562090,582240,609057,629785,640304,666373,691698,712809,735150,761208,786670,785770,793450,815804,841377,843337,849825,870622,896865,906748,916603,https://www.heise.de_jap
0,20626,36230,64758,90351,86396,97290,114782,144264,169918,196227,222512,246578,271753,299172,324586,339868,346706,369454,380561,380228,389684,417176,437650,442796,470274,495509,519456,545800,547359,572882,598714,623529,649542,670624,697803,713986,740993,764097,766870,760426,772672,782845,806630,834024,837523,856396,883482,890931,906432,https://www.heise.de_jap
0,25544,50660,76646,101338,115408,139185,164600,172504,176910,199676,223120,248236,269045,297680,310528,333530,360580,386138,411682,422910,443389,468516,480020,477432,503462,529448,533574,543862,560616,580788,605904,627701,638647,658744,684308,690951,709610,734726,760712,782236,786274,790302,804832,833082,834080,851832,878440,902038,925508,https://www.heise.de_jap
0,27036,52450,78760,105342,116952,140431,167188,177180,182671,189868,214376,240574,266970,285322,311938,337949,365596,392433,418190,434022,438066,446052,469780,470538,471674,483008,508978,530203,542780,569388,595523,621982,645733,673526,696846,709314,737856,764165,783432,783826,793014,820896,844664,838644,849378,864640,888426,910093,917208,https://www.heise.de_jap
0,26230,52032,77710,103254,128817,155164,171014,191702,220438,244296,235344,250440,280444,305590,327834,351537,377858,401027,424403,450662,475778,495008,504881,510474,534526,539693,544714,552944,582615,606602,616635,643778,658994,685666,711320,737713,763928,789472,805304,805672,825779,851581,869350,864182,872462,892552,910688,935624,944766,https://www.heise.de_jap
0,27692,54956,81744,108794,134338,160946,182272,197176,226708,252129,253510,269227,290800,317826,343215,370420,394486,421964,449109,473831,501180,505224,520928,538746,550302,552640,583596,608695,618700,643450,670058,693635,721769,735386,741033,749540,759814,778329,807085,834963,837423,864031,886485,901910,908931,898321,904595,935679,946302,https://www.heise.de_jap
0,25872,40744,65846,91470,93304,105136,132566,158815,181748,206076,231818,255258,282527,307971,334460,338062,359420,375506,392334,392334,394434,397318,425528,452502,467367,492386,518904,544552,560936,580730,607497,632941,655276,681108,707442,725479,726960,747820,773296,796081,785184,783332,793198,802742,831134,857397,872270,888582,915745,https://www.heise.de_jap
0,25544,52092,77710,96434,113940,143960,170359,164158,175003,198730,225545,249915,270032,296292,319916,347980,374444,400514,420600,424992,429585,456640,467128,464174,469287,488668,514560,536118,534986,556366,583870,610239,629888,656365,683366,708899,717288,710950,740954,765134,768581,771288,777812,791039,809842,835947,863409,883568,901836,https://www.heise.de_jap
0,26558,49705,76646,101548,118541,137992,163108,171072,175575,195034,224080,247866,273997,300222,325636,349224,375390,400864,424488,433092,441639,465122,462650,464742,465626,498202,523382,534494,560480,586192,609781,639440,651532,677697,703827,729242,755466,773971,783708,785048,808492,834443,839887,852310,856846,878700,903576,910896,921551,https://www.heise.de_jap
0,25544,51793,77710,104029,129862,154127,161276,187706,212822,231115,233890,242059,267236,293188,319386,345782,368356,395595,420950,446961,469176,480681,487582,505663,529384,527170,533610,548238,574342,585580,594760,624794,650394,677268,685484,693732,722356,745586,760436,774846,801672,826120,837137,827612,843006,843670,867904,884772,904082,https://www.heise.de_jap
0,25125,50299,71407,80673,103326,129695,155920,156204,178456,200301,224456,250532,276066,302435,305014,333264,347034,370407,384912,400123,415076,442161,457018,469628,487128,511332,537541,562398,585062,611436,637835,633209,648830,675497,696901,704836,705761,726322,739222,768184,794800,815716,843816,860588,886242,911429,934533,960360,984764,https://www.heise.de_jap
0,27036,41360,63318,88672,94511,105546,129530,156138,181791,208732,234504,257914,284675,310508,332894,347806,361620,363250,391602,404899,401234,428612,455100,446102,447100,468669,492676,518841,533496,552154,578464,602958,610660,630512,657716,678804,674268,675370,704568,720297,745734,758642,782170,807031,817126,832163,860502,887860,911986,https://www.heise.de_jap
0,27036,52390,72564,85450,114411,141028,143639,149846,169770,194696,221552,239222,266700,291995,320358,348458,371997,395526,398130,406476,425518,439979,444113,444980,475014,496980,501076,512662,540881,567882,591172,617064,643396,669050,686769,678142,702792,727788,752904,759398,783166,809977,799391,801702,830244,840552,863324,890563,910834,https://www.heise.de_jap
0,25544,50958,77497,100866,126878,147010,160566,188795,214210,213830,224181,246302,272288,298000,321470,347456,372870,396428,422624,448182,464950,472998,492780,507735,519660,512366,518386,527153,553164,574534,595447,614404,639520,665232,676358,685383,717064,739638,741840,771278,796822,814312,819590,814978,829646,831086,859912,873954,903976,https://www.heise.de_jap
0,27782,55136,81744,108794,136576,163930,179068,201652,229006,231030,245432,260456,286138,313492,331424,362508,376834,401770,426582,453936,480544,497184,505979,525911,533003,550619,561723,567943,575465,603565,618375,627085,634141,659167,686645,708169,730439,735723,763353,789035,815643,841643,868251,892137,895919,905261,910455,934521,957979,https://www.heise.de_jap
0,16136,40145,68710,74179,83788,99989,127256,154314,180922,207530,237564,265042,291650,307648,310221,324328,317238,334310,343504,368141,383512,393195,420488,447305,458690,478252,507515,530321,542140,569618,596226,622834,648834,676326,695885,689996,688378,690652,712359,736504,751934,773238,793584,820192,821596,848958,875961,900920,927737,https://www.heise.de_jap
0,5198,22308,38999,37626,55289,73468,75150,103708,129788,162784,186706,217249,248872,277576,310659,326071,359155,384218,415666,447290,477453,510537,539650,565724,593144,618941,629710,658150,691234,715018,733161,766245,797868,828040,853006,884629,917713,940106,951170,972958,1004581,1036205,1067828,1092694,1124318,1151971,1180994,1207856,1238020,https://www.b-tu.de_jap
0,5198,26863,38362,37636,54188,73132,69772,94596,125344,151168,178001,204779,235526,266274,287066,302691,333439,360200,389194,418482,448202,473079,505286,534574,561352,590024,615749,633726,664474,690409,712289,737319,768066,792774,823143,855351,886099,916846,942760,952960,973402,1003361,1021232,1051980,1078348,1107635,1126427,1155714,1186462,https://www.b-tu.de_jap
0,5974,24419,40700,46098,74218,69898,93668,125788,149622,180662,211701,227155,257241,277746,300344,329923,362423,393462,424502,455542,486581,507119,538158,567080,586380,610022,640711,673210,705710,708842,734163,765203,788456,808226,839266,870305,895389,927888,960184,964198,988060,1012795,1042374,1073414,1102994,1135493,1166533,1199032,1217184,https://www.b-tu.de_jap
0,7708,33526,41376,39920,65293,67746,86874,114935,140052,168524,195535,222014,249959,275920,304124,334083,363604,387101,418082,449063,482965,508882,540770,567458,594054,625035,653506,680107,700953,723041,755483,783468,815909,846890,876821,909263,936762,953638,968684,992366,1016457,1045082,1069953,1103854,1133375,1161847,1194288,1221965,1252946,https://www.b-tu.de_jap
0,6164,29374,37749,42253,42946,66189,73277,80517,100840,123792,144385,169088,188361,214524,231172,254415,278068,297574,321460,344354,370517,393760,421383,436116,459476,485639,503686,531075,555778,571800,597963,618780,643483,669238,677680,701760,719338,736992,761636,785290,809993,828618,856241,880944,900500,925787,951950,953451,974538,https://www.b-tu.de_jap
0,9226,37024,41301,40791,70049,68694,94896,123688,145681,176809,202098,229140,258399,290577,316659,347788,377046,395793,429431,459075,482448,511070,541613,565042,594284,625002,654260,676745,701195,718510,733950,759246,791425,819633,850352,870166,902344,929093,950660,965309,994422,1024236,1055364,1085673,1117852,1140616,1174254,1202663,1231721,https://www.b-tu.de_jap
0,6017,18692,43535,36793,63414,70564,83121,114920,139807,173066,188550,220349,252148,271148,297400,329198,354331,381750,415009,441378,474636,499213,531012,561760,589180,611710,644969,676768,701708,712568,742030,761136,791416,824675,856474,883492,916751,934160,955266,979094,1009432,1041231,1059504,1089171,1120970,1147338,1180597,1205066,1238325,https://www.b-tu.de_jap
0,5428,21665,34281,41551,37544,60582,72460,73094,101973,126122,151998,175447,199946,227365,242348,269766,298645,315784,341743,369162,387102,411601,439020,466439,492398,518356,543265,564306,587088,612492,641370,655474,675298,700662,714746,740704,768123,794608,816065,843484,869442,890427,917846,933385,954246,969310,995269,1020178,1040629,https://www.b-tu.de_jap
0,6248,25120,41164,49835,73573,75681,104735,130847,161362,193336,221339,240877,263004,290597,322572,351626,382139,403332,435305,468740,496333,526847,545955,570875,602850,631904,662417,676881,702706,727526,756990,790424,807712,839247,871222,900276,932250,943115,962019,983488,1014148,1033632,1064146,1096120,1119744,1151717,1177290,1209263,1231528,https://www.b-tu.de_jap
0,5660,22308,44578,39380,44288,61289,74970,88874,110832,135010,139774,160855,185442,214000,225209,246978,265574,291854,319068,344414,370343,398901,424538,449534,470171,494349,521447,548544,563340,587206,612843,628879,655976,684534,697786,710343,738901,753176,779222,807780,828497,857055,884152,912710,928885,955983,956069,972660,999758,https://www.b-tu.de_jap
0,6185,29432,40378,35926,64940,70980,90544,122577,149741,179264,211296,229950,259063,292555,318492,350524,384016,399814,430269,462302,489954,519066,552559,571383,601956,633988,667480,690348,702810,715832,734846,761964,792159,824191,850940,878866,907334,937907,952964,967104,996888,1023010,1056503,1087075,1112218,1142790,1174440,1198385,1228957,https://www.b-tu.de_jap
0,6248,24122,40660,37396,65896,69950,89078,114017,140236,171656,194541,224500,254459,274602,300412,331831,361030,390923,422342,448332,478291,506790,536749,564198,587982,619401,635146,668025,699444,722148,751933,774926,806345,832772,864191,891154,918834,950253,957648,982584,1014003,1038510,1069929,1099888,1130304,1158803,1179392,1209351,1240770,https://www.b-tu.de_jap
0,5534,19913,41480,40724,36866,62678,71410,67852,88235,115508,134460,160273,186086,209389,225864,251676,271201,298474,313279,337632,364904,390717,416530,437963,460856,484158,501963,529236,555049,574018,597156,620049,647322,655361,679714,700710,723893,741142,765671,791484,816756,835337,862610,889883,909426,934372,957450,962964,982241,https://www.b-tu.de_jap
0,5281,22074,34185,40793,37586,60946,71768,74163,98866,124738,144620,170034,197657,219440,232998,260329,286492,306892,326544,352708,380331,395092,421255,447418,473582,501205,524858,548452,564392,588628,608004,631050,641863,664480,688132,706725,728918,744181,771804,792266,819889,846052,870755,896918,918702,938177,950476,961522,983276,https://www.b-tu.de_jap
0,6185,28323,41239,38688,59975,70128,89313,111902,144110,176318,195895,228103,261770,290008,310667,344335,376514,394838,427046,459254,487803,518247,551914,577866,611534,645201,677409,699528,705864,719664,748039,770629,802836,835044,862430,892809,925017,955766,959480,976218,995622,1025581,1054640,1084774,1116982,1150649,1177427,1197694,1225522,https://www.b-tu.de_jap
0,9168,32528,41480,37742,59176,72564,75664,99448,127188,143620,174280,204940,223736,251476,279216,309876,330148,360808,382382,411582,439322,467062,493752,519664,544484,575144,602884,633544,643258,672458,703118,723890,753090,773684,804344,833544,864204,889434,920094,942978,955888,966764,992634,1014850,1042590,1071790,1095144,1122884,1152084,https://www.b-tu.de_jap
0,6164,28381,42167,35563,65961,69762,88005,117732,141417,175114,204430,236667,258710,289312,313744,347440,375346,399942,433639,465876,492158,524395,555172,578643,603310,631166,663403,697100,704223,724902,750382,776019,809716,841953,869355,900132,929859,951988,967171,992650,1020388,1054085,1087782,1108865,1142561,1174798,1208495,1236352,1268589,https://www.b-tu.de_jap
0,6248,25120,40430,46915,74510,71353,96437,126228,152832,184806,210167,239221,272656,289025,316620,339332,369845,401820,424617,453672,482726,513239,546673,573802,594442,626416,649305,682740,701603,716308,731881,763855,785463,818897,846060,876574,908548,929369,955760,976168,999739,1019992,1050506,1079966,1103178,1135151,1158752,1190725,1222699,https://www.b-tu.de_jap
0,6248,25820,40430,55791,74192,78250,112910,138581,158225,189965,223166,255082,276899,299609,328830,357158,387438,422099,455299,487039,514741,544916,576657,604419,630123,653956,684646,698558,727609,753637,781080,815740,850401,879639,912839,940070,950563,975063,1008263,1033445,1066004,1089070,1122271,1146246,1174886,1209546,1239826,1271567,1302928,https://www.b-tu.de_jap
0,6121,23309,40872,47849,74564,69666,99101,129274,152517,185921,216406,246891,267004,294882,319994,351938,369385,399870,430355,460839,487896,519841,551786,577475,606500,638444,668929,699556,703704,727360,750204,778177,811582,841218,862341,894286,927691,958994,961983,984512,1013208,1043693,1075638,1109043,1134098,1166042,1181228,1207858,1241263,https://www.b-tu.de_jap
0,15311,73135,112197,138415,193750,166176,202435,262592,322683,327913,380808,438825,489349,536738,590438,648305,707747,760550,820013,872871,930656,991153,1047502,1096644,1152930,1214298,1261675,1327424,1383665,1408840,1466426,1513077,1571296,1614359,1664296,1699804,1736755,1787796,1843111,1897641,1947346,1985661,2041702,2083165,2124218,2166034,2216716,2270611,2312841,https://www.amazon.com_jap
0,21901,66306,120057,154220,188604,222417,274642,320908,342754,383368,434021,483446,533407,586514,632509,676826,723260,776833,830248,877702,931326,985150,1033543,1069422,1100794,1128659,1135196,1188501,1231486,1285591,1314117,1376806,1394451,1442704,1497286,1534987,1586586,1628943,1697650,1750654,1799743,1853048,1899841,1941420,1989648,2042901,2092360,2142154,2199352,https://www.amazon.com_jap
0,19922,76946,113331,153677,172878,219228,264134,310607,337567,371273,409395,452404,498205,541275,596458,641118,690296,735730,783723,834962,877650,939404,988995,1042839,1071848,1113532,1134192,1164003,1208182,1264162,1301184,1350064,1384041,1442321,1481052,1540144,1559821,1611567,1664105,1725088,1750159,1788207,1838422,1884914,1940327,1986349,2023537,2071081,2115046,https://www.amazon.com_jap
0,21815,77658,115316,153461,176109,225485,285290,323357,349034,388498,436845,479826,529929,574834,617691,669022,719478,770399,824648,875160,928482,966435,999478,1030942,1083138,1120150,1130063,1179109,1238258,1292932,1338605,1397758,1429322,1482126,1523060,1582164,1607067,1662277,1719462,1768326,1820113,1872794,1920905,1971006,2020950,2074489,2113322,2163493,2215353,https://www.amazon.com_jap
0,26199,76240,112014,163471,176633,217171,273508,319667,340438,374344,417534,452729,497756,537332,580630,629599,674964,722961,759285,800793,852620,909184,956888,1008174,1063251,1094713,1120562,1127711,1165809,1217635,1273867,1292289,1341416,1388962,1438803,1486473,1532487,1557311,1606818,1660775,1719437,1761353,1815269,1865106,1909481,1954800,2001309,2040058,2086319,https://www.amazon.com_jap
0,20362,80865,114118,159039,188265,249268,312605,338670,370676,416013,466958,510827,563132,616533,652415,708506,756587,813032,858717,909156,948768,974838,1019062,1073208,1096028,1115067,1165979,1229226,1251207,1308113,1349562,1404024,1451818,1502716,1528486,1592990,1651825,1695896,1746150,1801311,1851792,1906067,1955498,1996579,2054078,2106178,2150607,2205646,2259112,https://www.amazon.com_jap
0,17002,79153,119327,154869,182958,229311,288334,311642,352909,381512,427577,478611,525318,565493,622082,663210,715569,759956,800868,850104,884314,938447,985277,1029184,1080740,1107942,1122442,1166340,1206168,1264148,1287525,1340062,1398134,1440371,1486544,1535148,1561765,1603918,1659828,1716064,1759391,1813524,1858308,1906315,1964329,2000905,2050018,2095851,2154804,https://www.amazon.com_jap
0,23805,79335,119138,151324,180308,214364,268889,321740,345270,384207,432561,479155,530046,582628,633335,669279,710673,751018,806318,858073,916649,976336,1014694,1057740,1097540,1104125,1167489,1229338,1278141,1299404,1359741,1388971,1446242,1482048,1530279,1589127,1646255,1689464,1733690,1772165,1817349,1860389,1907738,1948666,1986776,2037779,2091207,2142876,2192318,https://www.amazon.com_jap
0,33174,92191,114044,158494,181514,228999,286853,309788,346438,398576,450606,489024,519627,573308,604816,635057,688120,728498,772608,829336,876839,928909,984902,1028786,1062540,1079593,1091104,1133627,1192995,1240784,1277628,1335921,1358473,1413515,1448181,1510622,1554502,1596047,1654629,1708222,1759588,1812629,1854951,1905435,1960497,2008043,2052693,2104583,2161207,https://www.amazon.com_jap
0,28712,77506,116807,151731,180284,213370,268876,303613,327538,363588,415796,458946,495203,555301,609808,649768,703796,762419,809105,847826,902969,944428,983170,1019880,1078434,1102664,1129214,1178969,1229691,1265222,1287218,1346718,1388545,1442696,1479762,1523338,1564672,1616957,1669523,1717802,1770744,1814690,1860653,1909820,1955081,2001262,2040121,2093347,2138899,https://www.amazon.com_jap
0,23245,85819,118424,160542,187448,247145,303592,321178,360134,404618,455403,494723,546715,596329,637758,682171,712728,756538,807610,858616,908529,955327,997808,1051952,1086378,1112667,1167301,1227184,1259670,1317453,1347143,1382086,1445660,1478266,1525192,1567434,1626215,1684924,1735944,1786196,1839351,1885169,1933144,1982400,2030199,2076712,2127790,2174584,2228848,https://www.amazon.com_jap
0,29270,79868,111840,156942,170166,207731,262760,293688,340710,369815,408785,459218,500110,541074,594121,644609,689078,718872,750008,794175,838413,896356,953063,1003316,1040184,1080258,1088915,1096859,1146244,1205312,1256191,1298614,1350872,1373820,1433071,1473564,1520960,1553091,1595392,1648615,1704639,1744264,1794165,1837175,1880472,1929423,1968800,2017185,2069756,https://www.amazon.com_jap
0,18183,78519,117682,141746,194647,208042,268579,308430,340916,385136,425113,462083,507190,554682,600434,651672,692463,742254,775512,833324,880139,942594,987010,1036562,1069456,1105780,1124358,1156802,1206062,1259801,1293956,1343325,1395324,1414218,1461258,1516250,1569937,1609366,1652498,1698194,1754341,1816590,1866134,1913398,1961195,2008482,2043064,2089050,2138120,https://www.amazon.com_jap
0,20973,84367,116596,176082,188317,255030,293124,330742,373008,412428,458131,499507,547006,601752,657676,709602,748772,780124,836196,872609,934561,982311,1023564,1076852,1111570,1133766,1188212,1250398,1289452,1317955,1359632,1423464,1475475,1526481,1552719,1596254,1640712,1701423,1755369,1812572,1861940,1916664,1958805,2013269,2062230,2114045,2173792,2221373,2278929,https://www.amazon.com_jap
0,27987,67190,119919,160655,184224,220209,279280,308795,343742,388258,432269,483874,532717,583142,631028,667688,715110,772561,828126,886558,941961,976954,1012250,1064892,1089140,1095734,1150650,1207693,1263326,1308837,1347241,1411352,1447939,1511372,1535902,1577132,1627664,1688634,1742981,1784344,1837139,1882074,1919691,1958261,2010199,2064882,2119293,2168146,2217817,https://www.amazon.com_jap
0,19334,65088,116040,130870,178726,164714,206142,246216,297756,326972,360978,414564,473402,514352,571748,625852,680828,741592,794484,858524,909476,963240,1019212,1074544,1132564,1179138,1220210,1281384,1327440,1377150,1424558,1456280,1503904,1559986,1604280,1630468,1664404,1699650,1752280,1808090,1854842,1898442,1949914,1991682,2029848,2074374,2117974,2163142,2201882,https://www.amazon.com_jap
0,21668,67084,113205,147700,194248,223425,279144,327170,355460,397954,435389,484596,528225,573138,621934,667098,712103,743550,782289,834504,884228,941542,996983,1027553,1067480,1079931,1102632,1149524,1203321,1244604,1287825,1340148,1377692,1428160,1485500,1523686,1554320,1599927,1659153,1697516,1751706,1797836,1845842,1899676,1941436,1993454,2030943,2078829,2134996,https://www.amazon.com_jap
0,31602,82723,113457,173117,190455,250770,303668,326564,364107,407296,449922,502158,547714,598034,644004,695056,729101,775910,828355,865825,915795,964191,1008764,1060872,1082826,1097276,1151285,1205758,1246289,1299126,1345496,1381757,1430211,1481961,1523015,1560092,1620457,1681092,1733429,1781955,1833807,1884894,1927266,1975413,2023942,2078950,2128419,2172630,2231369,https://www.amazon.com_jap
0,25294,80515,116508,174577,181785,241082,301733,334450,358231,404827,453126,496886,541437,597915,644422,689020,739098,782442,819370,871305,913902,969344,1012648,1048100,1098110,1142353,1153219,1215218,1281163,1313616,1371334,1404938,1432278,1476484,1535390,1576716,1627390,1667633,1715147,1778370,1822020,1873028,1919745,1969269,2019621,2069002,2119012,2175510,2221790,https://www.amazon.com_jap
0,24372,72311,111191,136941,193101,163132,217709,267142,325945,339537,397762,453640,512831,546486,606759,665617,722997,777933,838848,899835,960503,1016698,1080928,1136308,1195603,1250963,1315741,1370267,1389959,1447695,1484459,1540045,1591641,1640172,1665907,1712207,1759735,1816397,1864632,1916381,1950056,2001573,2042670,2094012,2140595,2186090,2239991,2269180,2313149,https://www.amazon.com_jap
0,2048,13958,23748,47676,46531,47084,57453,79214,87056,101658,119762,142247,166194,188898,204642,229841,250280,272590,285223,285722,300444,324445,326351,348170,372102,392349,405665,403221,418230,436352,461992,482219,494455,493374,512834,539229,547016,566580,567756,564606,584851,606381,633040,657560,682900,708099,727829,752110,777206,https://www.ebay.com_jap
0,4148,15772,37992,46678,46410,62380,87642,92768,115441,139736,169666,195902,211322,234644,266034,281804,286222,308332,327612,336674,354208,379648,398840,388478,404545,412192,425454,446140,470762,498482,524750,543130,559440,556930,572760,596490,618958,645858,672598,694016,722896,749812,776712,800174,827484,852746,879184,907614,939304,https://www.ebay.com_jap
0,4148,17005,30606,54261,50167,51098,73182,87264,94685,111914,132826,156607,183254,206792,221685,244621,270953,285676,286222,311316,326746,337784,360970,383699,391760,406608,402814,412898,437620,463270,486848,506036,531282,531122,546353,563676,561860,575253,601750,625486,651830,679813,702258,726388,753558,781826,806603,831388,855105,https://www.ebay.com_jap
0,3917,12090,31546,49600,50596,52638,76849,85805,93714,110684,131866,158793,178340,201540,222920,248376,272510,276564,289483,307693,321679,329311,347392,373063,394622,395030,395181,404721,429529,431076,455412,482831,506774,524282,541028,558274,556898,557602,581351,610230,636326,656472,679880,700168,726594,752728,776830,797448,820857,https://www.ebay.com_jap
0,3685,12481,28502,50028,47164,52926,74486,92134,97410,116432,133714,156816,180822,204825,218922,246558,273258,281992,286581,308666,330698,343254,368664,392502,410392,414947,428090,451928,477463,496231,499451,501841,516140,536880,555698,575143,579063,575158,599639,624530,647482,669000,693539,713934,736769,762770,786608,809093,834729,https://www.ebay.com_jap
0,4148,10806,23860,36977,46689,47614,60636,80258,90154,99618,117400,135730,162806,186729,205688,226974,246964,272844,285594,295226,317334,333774,334962,355121,377406,398946,403094,405142,417267,432021,440170,462633,486146,510069,535124,553602,567329,573174,570876,589128,612833,639021,657110,680850,701751,725266,752287,778196,801011,https://www.ebay.com_jap
0,3832,19322,49776,44925,54938,84812,89313,108320,131354,157320,182844,200309,223332,236987,262414,277736,300343,297078,306299,318860,342466,358770,368847,393534,416758,421307,437344,440096,462120,491512,523730,552332,580526,599019,600484,599204,626340,656352,682060,714320,743000,771454,803030,830636,860466,889592,916512,948728,978968,https://www.ebay.com_jap
0,2867,14260,30086,52211,44682,46678,58849,78646,86162,81440,105366,131217,155784,175969,201848,192150,213335,238134,264274,286218,297432,308360,323458,348258,371420,396520,418931,443146,451883,471245,488360,508696,537516,562324,558110,572680,587348,594678,590446,613402,637766,662478,681629,701219,728516,748662,772498,798616,824985,https://www.ebay.com_jap
0,2048,13958,18692,18924,30266,52524,70580,81277,87002,103704,121868,143730,170776,193552,210342,231248,254912,268490,274942,280628,301710,319126,329934,352698,377618,395034,410077,407600,428978,454102,478530,497636,500965,491732,503644,517836,538812,559616,573752,570548,585384,611908,630504,650430,674966,698626,721528,745370,770796,https://www.ebay.com_jap
0,3098,13198,25583,49293,45366,47088,60816,81849,86416,107385,128292,148584,172829,198896,215776,234182,257614,275840,279189,292792,311674,326971,327612,349925,371426,390398,406778,406551,420983,448442,473154,488514,489521,500625,517928,535456,557366,569626,565552,583072,602832,626308,648467,671017,692810,713608,733594,760225,786166,https://www.ebay.com_jap
0,2971,16527,23544,50270,46159,47086,73191,81910,80283,95176,111298,136065,158674,180983,184494,195953,219019,244515,270193,286800,291306,310167,329855,350303,374802,394958,413993,434789,450334,466475,488649,516622,542279,553131,549873,560721,579857,583254,574783,575677,601415,628143,651391,675748,698894,722499,742773,768243,792888,https://www.ebay.com_jap
0,3516,8369,13809,26465,47081,60963,59733,64100,59836,64821,79772,106702,103363,106579,122175,146541,168890,201215,215925,247089,279304,302951,320499,346218,359398,383878,409159,419119,434609,447336,475817,500906,533779,553502,563030,591356,595353,600191,627151,653703,682792,705934,734589,764416,786180,817112,847887,880455,910256,https://www.ebay.com_jap
0,3832,16125,35464,50016,44026,49598,64552,88526,74508,90282,107773,127330,148447,173362,197456,196806,202721,225765,251008,269360,295202,299914,307942,322782,346178,366391,389652,408922,433549,444522,456598,468182,494608,515155,540336,561599,555144,568492,586931,587550,580935,578864,596886,623491,639826,662656,686078,712073,732470,https://www.ebay.com_jap
0,4567,17403,37794,48900,44986,63551,87160,87108,102704,124086,148739,174157,200820,216807,235212,261395,283947,296316,316962,327432,348348,375921,400165,413900,427806,456840,471458,497398,506105,496294,518010,541452,561727,571535,568396,584226,611223,637925,664474,690224,713363,740528,770312,794925,825598,852529,876665,909369,937638,https://www.ebay.com_jap
0,2761,16878,18633,45507,53232,55888,76183,92330,106281,135014,160734,187502,201877,227686,253167,281328,290638,304290,328367,336726,352554,378257,400996,416716,422680,442312,461127,489288,516861,506078,510701,527378,548582,575105,579412,576598,597435,619412,639680,669172,696854,718514,745444,774177,799433,823216,849915,874746,902429,https://www.ebay.com_jap
0,2048,13958,21150,40140,46894,45576,63272,80860,90591,105980,125693,144357,169627,190160,208826,224814,245910,272548,277025,284828,308460,320646,327400,347122,365316,386378,394769,397488,413235,408188,430800,450614,476894,500563,521069,536134,561346,567074,567389,569344,591312,614698,634346,657159,682484,705598,726131,746962,770471,https://www.ebay.com_jap
0,5198,12736,31076,51876,48086,48604,71858,85648,99728,118016,135716,161412,183868,209098,220738,243636,265074,275250,288974,306976,321656,322348,346652,370832,387836,407662,405718,426338,452566,476764,481512,488584,492198,506102,521414,539292,554156,550596,566114,591932,610164,633350,653168,673924,693656,721396,742970,766338,787314,https://www.ebay.com_jap
0,3560,12851,34516,47676,41888,53095,71145,84010,101124,124962,148869,175217,199928,217694,247031,272468,281362,297388,324872,325122,346701,371659,401852,406142,407190,417820,444647,472864,496582,493725,507688,527788,547590,563608,578729,575002,595442,619580,644810,669712,694777,716382,740704,769788,798022,821860,847625,876660,902066,https://www.ebay.com_jap
0,2048,12498,22610,49123,46399,51740,70866,92768,95814,113334,132684,154422,177905,200741,222192,246087,268292,276650,281794,299318,322449,324334,338175,366042,391220,408370,401109,420642,445340,471516,492833,488936,493143,508920,531180,547777,558190,553748,575420,600545,626992,649406,670094,695948,719282,745153,769938,793603,818608,https://www.ebay.com_jap
0,3602,10337,28502,49776,43476,45810,63326,83888,83958,95868,114790,133430,153404,173325,190616,198562,220289,238576,262991,278406,285286,304061,324708,327302,336376,358512,372833,388451,395076,399612,414624,434253,446418,449804,470608,495202,516125,535626,553220,567418,569832,566850,581394,602657,621410,644132,665697,691928,714344,https://www.ebay.com_jap
0,5925,9587,16195,17658,44473,71821,96072,84202,87899,96441,108997,126337,153259,178314,208507,234101,259331,286211,314500,332101,345181,364396,386899,411666,429205,456607,482719,511111,534619,561783,589827,605913,621375,643528,668063,689625,715924,739177,763371,792237,793466,805975,812631,818471,817841,828363,828815,839211,841899,https://www.spiegel.de_jap
0,6070,14954,26988,46992,70762,85692,77688,79910,103010,109926,133614,156763,181862,203271,226352,256202,279482,303296,325065,340114,354784,378502,403510,428156,446513,471866,499148,526080,549430,577036,600440,615480,634678,656498,679695,705056,725996,752144,775954,795494,803506,809756,815720,827185,829406,829286,836742,842350,847400,https://www.spiegel.de_jap
0,4785,5198,27335,52068,56024,80860,88106,100840,107146,120816,134485,159376,184898,208624,234536,258931,284114,308274,333710,357476,363516,387058,414455,437851,457176,485623,511426,531031,556326,581299,593304,611588,616851,637652,659218,687198,706604,732541,758548,781156,797375,801730,807856,824332,823650,824784,830412,848170,846304,https://www.spiegel.de_jap
0,4610,5198,25948,51982,76462,80262,73083,88442,93464,117291,140709,162180,183441,209972,234688,257587,285222,309295,320744,335296,358073,380440,405727,422664,446262,471549,496836,522533,547820,573692,590446,601302,627834,652313,672772,694799,719270,743465,766310,789160,786185,799966,807854,814426,811948,820297,825604,832413,837597,https://www.spiegel.de_jap
0,4610,4024,25638,47612,70892,78878,79170,82856,94534,109896,136614,157808,180824,205766,232008,253568,277460,300820,324180,337832,354179,377268,399464,424829,439984,466076,490098,510838,541060,567686,593572,603812,618635,643532,669910,691380,708841,734440,763781,786964,792642,804856,804193,814484,817161,817738,830286,840052,840042,https://www.spiegel.de_jap
0,4610,5198,24988,42448,65982,83306,75166,74522,87316,110268,134281,158705,180138,205668,230675,257255,281217,305400,318848,336144,358635,383232,407820,427170,450832,472975,498613,519602,543434,574161,592461,602215,616462,640640,661803,686407,716425,737368,759912,785800,781600,795640,796228,807538,807748,813845,821084,829380,835628,https://www.spiegel.de_jap
0,3909,5198,24940,49998,73724,77994,70924,84922,107024,117361,140375,166732,189513,214166,237648,263712,284750,309054,334122,344230,356966,379918,406881,433002,447780,471913,499074,523073,549666,574094,598212,616530,626859,644442,665826,689719,709242,733253,761002,782312,806292,804024,816962,823938,828972,833207,843930,851065,858474,https://www.spiegel.de_jap
0,5223,10574,26606,46248,65631,84367,72772,87842,82668,100276,116866,142740,162755,186670,211912,234752,257006,282247,310206,328290,341291,363998,383837,411672,432406,458725,484690,510263,539326,564079,588918,597902,609990,630264,653581,668476,693515,718840,740725,763771,783825,783709,793349,805319,809658,808661,815899,830671,827962,https://www.spiegel.de_jap
0,5252,9578,26279,52273,76060,80797,73434,86333,92173,114252,138019,163546,184287,209175,233128,258010,280336,305574,325474,347870,371138,396722,416936,427167,453286,480100,501886,526249,548386,574922,600770,609808,624300,644573,670874,694302,716272,741447,762311,791278,795645,808200,810457,822250,825102,822250,827500,848114,842505,https://www.spiegel.de_jap
0,4376,13012,28031,47832,70316,90284,75282,78574,96842,102802,124880,150580,174246,197147,218702,243178,264680,287167,311753,331826,344388,355894,384861,409708,434938,456228,481120,506411,530781,553280,580214,607380,614694,630055,657044,678374,703850,724822,753498,778272,802352,799496,809628,824095,827502,826357,837740,842817,846036,https://www.spiegel.de_jap
0,5894,5198,27450,53210,76403,79505,78450,89722,98658,117519,137548,160036,179140,203616,224700,253028,270209,294694,324195,337229,350859,369727,395954,421201,440022,465964,490321,514804,542437,569198,594784,608758,620726,642902,670561,691128,712975,737346,764803,788235,797414,806935,808705,818154,821881,822712,830975,844144,840069,https://www.spiegel.de_jap
0,7062,11583,23658,45111,66614,81456,77192,83674,96758,116102,141964,170375,194074,222781,247218,267260,293838,320768,332702,350878,368110,394865,422260,440327,466618,490804,517327,541464,568289,586246,607532,618066,638398,660542,682859,703072,728425,755698,779549,794982,806544,806436,821827,824268,821894,829612,833350,842056,848200,https://www.spiegel.de_jap
0,5602,9872,31010,50167,73662,82893,79914,87160,96558,115830,141302,164082,185354,213925,240048,263534,287192,313604,330724,347260,367072,393010,411116,426142,438642,458686,483574,508570,531765,557880,582884,602339,615188,633828,656143,679446,698692,720936,747705,773588,794234,794518,802604,816948,819862,818406,830546,840942,843689,https://www.spiegel.de_jap
0,8084,11505,33435,59922,82330,73308,77779,90012,119632,143184,169122,200435,233110,263127,293261,315112,340579,369528,400633,416508,445806,471666,492899,521479,546844,571775,589240,604466,605428,615631,640415,662643,683069,704636,733435,752916,779445,798941,796604,799799,806100,813845,814077,815624,826736,829393,831399,841683,848527,https://www.spiegel.de_jap
0,5281,5198,29412,56598,74979,77934,74022,91103,94406,119226,143041,168245,191348,215162,238444,257987,284452,311032,322934,342996,363689,388455,414138,417783,444002,469088,493663,514556,542008,561228,588688,603301,623452,650666,675227,693454,714223,738964,764866,789174,786448,800641,801250,810344,812696,818760,825739,833554,835632,https://www.spiegel.de_jap
0,4610,5198,29036,53746,78969,77122,78838,84956,111536,139821,163192,187734,215949,240031,266551,291328,309854,334912,362201,387732,412270,434002,459081,484729,499750,527322,554322,576001,603749,625837,649510,679088,692745,720602,742940,768178,790496,816145,848203,869146,868682,879321,891219,895084,895202,905890,906888,914228,918974,https://www.spiegel.de_jap
0,6216,9168,34056,62096,88214,76292,79810,100364,106936,134944,158288,182574,209068,236954,262218,286454,311942,330582,339899,359566,388340,414656,437112,460348,486380,510366,533546,561910,590274,615650,643212,670594,694728,702848,723962,749062,774904,803160,827732,850256,872550,884446,893473,905997,907632,915134,918028,920337,919182,https://www.spiegel.de_jap
0,6770,8296,35216,61981,81862,75558,84201,93032,116741,146642,169156,196729,225648,257009,279464,309842,335507,349464,378615,406074,429823,452998,477766,505865,514934,540340,565748,592750,617699,647602,675358,696569,704859,731966,755922,783612,807290,829200,857478,884878,890991,900542,904312,914959,918455,919224,929734,933122,935930,https://www.spiegel.de_jap
0,5894,7708,28206,49001,70948,91647,82014,85205,98595,121544,145614,167818,191996,219054,246976,271102,293947,319527,337479,350974,377910,402397,431604,446573,477072,501838,528475,554818,580880,598414,623354,649459,674076,697801,703934,725434,753423,778778,806181,834988,852686,876164,891495,903866,908990,915886,916604,925004,920678,https://www.spiegel.de_jap
0,7530,9632,35269,63665,89144,77866,79032,96141,103866,127564,151864,177626,203183,225945,254272,277008,301962,329362,351501,372836,400698,421152,448252,468953,498224,513430,540456,569511,595646,625304,650548,680110,695060,716627,738556,764892,784992,814494,840200,866196,879116,892896,892526,907877,908666,907206,921466,931148,932198,https://www.spiegel.de_jap
0,2100,1050,1952,5250,14650,24405,42830,57353,70416,86331,103297,115736,113956,114858,124491,135541,149276,163699,178632,195597,211103,227334,242187,248728,264234,275837,293182,306505,320990,334504,352929,365582,384007,389076,406042,419105,438990,452819,470982,484239,498957,515922,527881,547766,560136,577802,584298,600007,615512,https://www.bahn.com_jap
0,2499,1050,1197,5198,20702,35856,51381,67366,76739,90058,104606,115862,108742,124392,140014,153028,168183,181130,195744,209814,225036,237681,252836,264337,280952,293254,309216,320892,336086,352730,369344,384120,399508,403936,418564,432636,447659,462010,478625,488186,504800,521474,534020,550635,558506,576580,586319,602934,614133,https://www.bahn.com_jap
0,3098,332,3150,13203,25388,42469,61011,74439,87551,102958,117892,111321,121134,130302,142068,154893,167864,180007,194346,208220,223406,233382,246068,256965,269300,282178,296503,308002,321142,333888,347974,363154,378775,389690,407648,418317,433158,453014,465961,476276,493357,509636,524508,543050,557458,568908,581062,597393,614475,https://www.bahn.com_jap
0,3804,1460,4264,13320,23132,35863,51066,65967,76310,93130,105865,118518,112827,126468,143202,153135,168096,181358,197418,211264,225455,237328,251234,265780,277762,291203,308082,322450,336874,350806,365875,380366,386603,403560,415832,428980,445974,458773,474789,488044,503695,519346,532452,547062,563124,573645,587836,601223,616874,https://www.bahn.com_jap
0,3884,2100,6125,15300,28822,40126,50878,64792,81044,91308,108828,118715,109948,119758,128462,141254,153528,167022,182234,198106,214325,228714,239904,253374,265890,281406,296444,307339,322332,336388,353418,368456,383278,389038,405536,417782,435448,450202,467284,480824,493830,511788,525936,542288,557216,571204,582550,597505,613250,https://www.bahn.com_jap
0,3414,1890,5020,10218,20438,29726,45202,57776,75004,86522,99638,115094,114044,113230,129144,144022,157426,170132,185758,198002,215376,230540,242483,255796,273000,284364,299118,312940,330606,345060,358192,374398,388859,393748,408668,424010,438641,454268,470182,480804,495258,505482,522774,538688,553872,566546,584942,597032,614552,https://www.bahn.com_jap
0,2100,1050,2100,6122,15884,24179,39800,54321,71432,82612,99723,113342,110904,115748,124336,138235,148756,163006,180058,195208,208652,225938,238562,250950,268062,281612,296762,307871,326442,339652,355781,371432,386101,398542,411334,425086,442080,454764,468236,484970,498179,515290,530941,544456,562167,571799,583310,599609,613458,https://www.bahn.com_jap
0,3108,2100,3150,8758,18978,27682,42288,59634,73542,86508,100602,117011,110946,120756,129460,144585,155867,171460,188478,204680,219671,230543,246452,256948,268288,284289,300291,311000,327002,337346,351374,369945,385784,395947,410898,424653,441133,457134,472564,485663,498680,511305,528766,544768,558986,573527,582532,600168,615776,https://www.bahn.com_jap
0,4200,3150,5492,13079,23358,35146,49474,61276,73730,86110,103104,116306,114918,116376,126596,139502,152018,165285,181695,194728,210096,226506,236742,253911,265370,278520,296390,310769,324669,338530,356400,368498,383372,399516,405548,423418,439828,453279,469410,483426,498854,515219,527773,541741,558152,573412,584168,599119,614547,https://www.bahn.com_jap
0,3150,2100,3045,7590,19708,28850,40680,57178,72926,86914,102974,119158,110894,121406,130548,143920,159140,173740,188681,202260,217776,229784,243918,253388,264318,279676,294714,311582,323996,341906,355552,372050,384970,397060,408932,424352,440412,455148,468360,487340,498476,517894,529478,548750,559246,572066,584726,601224,616454,https://www.bahn.com_jap
0,4148,2761,2068,8758,18978,33580,49064,62967,72755,89312,101200,119100,112048,122268,131118,144234,159244,173091,188226,203994,216772,230655,245165,256413,269559,284554,298190,310777,325873,340948,354474,372328,388810,397161,410047,426604,440130,454067,471704,486130,499904,515300,531392,547312,554710,572726,581386,600833,613163,https://www.bahn.com_jap
0,3560,2100,4434,8524,18686,27331,40944,55740,71610,84226,97557,111759,112762,115916,124808,137643,148747,161540,179002,191964,209097,223529,234222,250194,262556,274687,288126,302756,315500,330424,347803,362235,379696,393968,412014,422479,438319,457240,469694,488674,499782,516309,527890,545352,555120,571121,580479,596480,612848,https://www.bahn.com_jap
0,2100,1512,2100,7532,20372,37319,47782,60571,74762,87402,99476,112114,115137,121766,135902,145835,162864,178257,193908,208238,222254,234000,245341,262452,273562,288052,304754,317895,329714,347836,362777,377856,393059,400646,414676,430327,445978,460307,475958,487736,503305,517974,535144,547884,564996,574950,587856,600015,614206,https://www.bahn.com_jap
0,2100,2100,2100,5198,13548,22252,36852,47194,59290,74065,80381,94514,104391,118935,112584,113697,122574,129818,143366,153011,165577,178892,189177,205412,217268,230282,242848,255909,267312,281327,293021,306570,317851,329706,345942,356423,368634,380433,389778,401633,410099,424842,436238,449208,460492,475267,485206,499455,512770,https://www.bahn.com_jap
0,3214,1502,2048,7204,17466,28328,40610,53788,68705,79398,90500,105450,119190,110894,120530,128358,140980,155580,165049,179072,192044,208454,221788,234518,244220,256768,269400,281091,296100,309202,323802,337772,349170,363593,376212,388602,399056,413192,426880,440896,452816,469110,480097,493887,510590,523678,538056,551780,566508,https://www.bahn.com_jap
0,2541,1050,1322,5912,14743,23302,36442,49179,62736,77746,90755,103170,116711,111869,125490,142191,150636,161879,175632,190575,202581,214898,231756,242624,258568,271375,286092,296439,311312,322390,336609,351072,364825,378578,392702,399176,415488,430129,444626,459983,475286,487924,504071,515382,532056,546055,563108,569837,586510,https://www.bahn.com_jap
0,3150,4200,3150,8810,19030,33574,49634,64248,78560,89312,105372,118224,111690,119400,128104,144164,156254,172506,185768,199618,215678,228940,242490,252440,271420,283400,297428,316408,327516,343576,356908,372968,388456,397694,409784,425040,442150,456534,474054,484112,500650,514608,532128,543822,558832,571400,587870,602840,620360,https://www.bahn.com_jap
0,3002,1805,2100,6709,20792,36675,47372,61796,74622,87092,102363,115847,122424,127273,143041,155637,170333,188408,203073,216340,229867,244673,253618,267846,282798,298653,311907,327484,341674,356112,370712,383397,398202,403676,420991,435579,451435,464616,481932,493196,506715,518084,535574,550204,561585,577441,588523,605430,618148,https://www.bahn.com_jap
0,2100,1050,2100,7532,20372,35859,50050,64789,81200,91372,104991,118518,113877,123688,136420,147243,164354,175515,189014,205074,218279,227807,237151,252394,268454,280135,292202,308571,321880,335964,354535,370186,382534,398594,406962,420580,435704,449616,465792,478934,492677,508328,523946,540998,552926,571322,578582,597153,611536,https://www.bahn.com_jap
0,3150,1554,3151,6300,16402,25456,40406,52737,66527,81888,96838,110876,114274,115326,124440,136936,149676,166087,180220,194898,208688,224690,233286,248585,259278,275748,289258,304909,317061,331084,345282,361342,375825,388524,405402,420012,436668,454539,467687,481588,495504,510220,526299,540135,552643,570514,584608,597047,614917,https://www.bahn.com_jap
0,934,0,1133,3970,10102,8526,14260,9882,14321,18122,26356,34590,40898,47572,48858,44247,41198,50843,61997,65982,73744,83732,77999,82477,87236,93076,95594,102073,113227,120480,131634,142788,141002,148076,148174,157984,155624,161547,171300,182396,188828,201442,211444,220027,232642,237792,248716,259871,270500,https://en.wikipedia.org_jap
0,-861,2772,1050,0,4233,13168,7851,11216,8474,10461,15461,21153,28716,34130,39941,45397,43101,41793,44499,54106,57468,64192,67109,60404,62693,71510,79278,88096,91935,100957,109980,114990,121152,128306,129167,132632,132955,139784,137778,141137,146358,151555,156578,163612,169291,177906,182901,190464,200947,https://en.wikipedia.org_jap
0,-566,2100,2100,5196,2866,6018,12122,11089,19514,27690,32169,41601,44093,39861,43301,46869,56564,68244,60116,68606,74508,82393,91824,101256,109228,117258,124205,135096,141822,140890,143661,143871,150066,152576,157332,163843,170326,177054,188646,200998,209174,218109,226510,231972,242864,248978,258643,270994,277342,https://en.wikipedia.org_jap
0,-861,3067,0,1050,0,3853,7970,10681,6016,5408,10657,11217,9986,15834,19075,15542,18462,22842,27222,33646,39380,44810,41862,41763,47588,55618,58333,52313,55010,59700,65113,73610,80497,80860,84802,92540,100336,106746,107126,114164,121201,129056,129208,133978,142476,144730,149142,154370,149361,https://en.wikipedia.org_jap
0,1021,384,1154,2510,9490,6487,11078,13037,23842,33080,40380,47152,41431,43424,48149,40378,50598,58539,69781,73152,76482,87285,98382,106302,114121,120659,128981,136676,146513,146200,146992,153673,161121,171196,182876,190126,201367,210167,221409,230142,237892,250593,263295,271617,281893,292844,304377,306927,317732,https://en.wikipedia.org_jap
0,58,588,2100,2743,9810,7014,10574,9450,8391,11574,16772,23310,32134,39432,47782,45628,47712,54209,48484,47257,52941,62612,68921,74301,79966,89353,97741,107183,110337,120615,130144,140063,139140,145095,144106,147488,153848,161793,173531,182649,194388,204148,212271,220954,228623,236108,246152,259351,266955,https://en.wikipedia.org_jap
0,0,588,2100,3970,10831,11680,13442,9629,13442,19690,26492,32810,40134,44271,52888,42296,49882,57359,62473,70456,62820,75288,78941,90008,97929,103504,107518,115608,125142,134183,143045,145462,145453,149022,158685,165900,174350,183436,193615,202235,212754,222096,225981,239909,250676,259252,268190,279753,287963,https://en.wikipedia.org_jap
0,-1050,3150,923,1932,2217,12379,10982,10338,10049,9878,6732,11846,17164,21970,29270,34182,39847,44926,39385,41541,47676,52290,46492,52934,57432,60078,65233,69928,73666,78804,87505,94112,102698,103490,112748,115146,124665,128752,135938,135308,144698,141256,141084,143594,148086,156582,162335,169521,175654,https://en.wikipedia.org_jap
0,-336,1574,0,294,7473,9817,6993,13032,9469,20681,21388,31141,39434,46864,43988,43710,44703,39684,46511,52822,60940,65266,70580,79758,86648,96400,106153,105650,115403,121652,125122,131873,135090,140363,137568,141645,148691,154650,162943,169257,179010,186375,196128,202150,211785,222590,231291,236332,243689,https://en.wikipedia.org_jap
0,408,-642,2186,408,1143,10860,6604,13377,9702,16417,17051,22202,31357,37857,45879,43411,44090,54924,45932,56910,61212,69014,77509,84262,95212,106512,113842,115932,122855,132510,133986,144788,141258,143975,148992,156762,169522,176565,187865,197706,205050,217810,222343,233643,242201,251754,261329,270685,281985,https://en.wikipedia.org_jap
0,-713,3150,1008,1050,3386,8350,12030,11037,13442,9294,18403,25120,31032,36112,41252,46574,48676,46924,42510,46980,56616,58436,65739,73506,80168,80110,74684,78666,81216,86648,92371,95702,101192,107568,108035,118723,119316,126209,133976,140994,145024,148710,147870,149087,153142,156932,167210,172999,182226,https://en.wikipedia.org_jap
0,-632,2743,4855,4917,8712,10254,12172,14738,15378,19736,18906,18424,21601,21736,23836,24479,31429,28750,31084,31260,36811,39381,45456,55202,61758,66800,65971,69182,73039,61418,66724,75079,82970,89920,95994,101956,113811,120648,131802,143131,152152,158043,161950,166226,172470,170908,177389,183174,189364,https://en.wikipedia.org_jap
0,-1050,2982,0,1050,105,7649,9863,12329,15773,9294,15629,22448,25969,33882,41796,46920,48226,51413,47017,45162,54535,59528,63593,69404,72706,80619,87539,83316,85060,86520,90929,95922,97651,104802,111256,120629,126294,131686,135570,143484,149009,148656,150378,156508,155654,153760,158409,161775,168228,https://en.wikipedia.org_jap
0,-797,2645,1050,1091,4262,10736,6196,13086,9461,19688,25508,34470,41603,47268,46801,45576,48379,43186,43886,45227,38330,40840,45799,50937,58588,62034,70444,75589,83298,86812,95922,101594,109245,119582,127144,128882,136708,134784,136884,138764,143560,144182,148792,155166,164096,171746,177186,186998,196867,https://en.wikipedia.org_jap
0,2100,1050,3210,12614,11632,9294,17590,23082,29857,36334,41782,46793,53043,46678,54622,62914,70853,75531,69611,80840,84524,91824,96506,109002,111870,119579,130740,141660,148676,148560,151522,156804,166318,177294,187694,195754,203408,213887,225355,236641,245625,255339,263636,274564,285076,295529,306684,315386,322648,https://en.wikipedia.org_jap
0,116,1866,797,1050,4553,9519,6196,12560,9524,13381,19689,16948,23950,31305,36514,42762,44053,47268,52175,44700,45398,49247,51054,59931,61222,68228,72901,80318,86497,95096,101209,108413,116248,124189,131606,139198,141136,143646,148201,153866,150316,151532,157194,162099,170976,176414,183831,189798,198609,https://en.wikipedia.org_jap
0,0,1691,0,0,5430,11036,7014,8706,12696,9877,20974,24190,32425,40659,45098,47273,44064,43714,43834,47624,55974,50080,55155,60467,67828,75012,79862,84242,93759,99435,109130,117364,115167,124501,135655,142242,144792,145768,147579,151796,154778,160186,167781,176015,185710,193370,201374,206402,211717,https://en.wikipedia.org_jap
0,87,0,1050,4320,11270,6196,13086,9798,18842,21564,33331,39560,46538,42782,41521,47745,55074,49736,61014,68606,74182,83683,95450,101392,106912,120139,124579,129714,131443,132594,137579,147829,155347,167048,178728,188948,196351,208118,211248,224476,231985,242293,250390,260698,272466,280554,292223,297398,305660,https://en.wikipedia.org_jap
0,-1050,2100,1512,5546,15065,17004,9294,13497,15484,18983,24532,30372,36271,45450,47205,48490,41194,48255,56958,55505,62168,67010,69114,66480,70568,73488,78276,83443,88148,89260,95275,101000,108826,111402,120921,127003,134993,137930,138806,138773,143520,151534,156615,165883,173497,177763,186640,190964,200424,https://en.wikipedia.org_jap
0,2394,294,1343,12497,8588,10167,9294,17412,26639,33180,41822,44042,40890,41994,49350,56248,64018,73214,81194,74558,82066,86446,92463,99237,106136,112477,117298,129913,136577,142186,145451,148963,150304,155428,164428,174894,183482,196097,204809,214802,224962,231450,238188,248912,258144,270758,278188,291212,299979,https://en.wikipedia.org_jap
